"","State","Core","Core_group"
"1","AE",4,"Dynamic"
"2","AF",0,"Stable Periphery"
"3","AG",0,"Stable Periphery"
"4","AL",0,"Stable Periphery"
"5","AM",0,"Stable Periphery"
"6","AO",0,"Stable Periphery"
"7","AR",7,"Dynamic"
"8","AT",23,"Dynamic"
"9","AU",25,"Dynamic"
"10","AZ",0,"Stable Periphery"
"11","BA",0,"Stable Periphery"
"12","BD",3,"Dynamic"
"13","BE",31,"Stable Core"
"14","BF",0,"Stable Periphery"
"15","BG",0,"Stable Periphery"
"16","BH",7,"Dynamic"
"17","BI",0,"Stable Periphery"
"18","BJ",0,"Stable Periphery"
"19","BM",0,"Stable Periphery"
"20","BN",0,"Stable Periphery"
"21","BO",0,"Stable Periphery"
"22","BR",7,"Dynamic"
"23","BW",0,"Stable Periphery"
"24","BY",0,"Stable Periphery"
"25","CA",31,"Stable Core"
"26","CD",0,"Stable Periphery"
"27","CG",0,"Stable Periphery"
"28","CH",31,"Stable Core"
"29","CI",0,"Stable Periphery"
"30","CL",7,"Dynamic"
"31","CM",0,"Stable Periphery"
"32","CN",20,"Dynamic"
"33","CO",5,"Dynamic"
"34","CR",0,"Stable Periphery"
"35","CU",0,"Stable Periphery"
"36","CY",0,"Stable Periphery"
"37","CZ",5,"Dynamic"
"38","DE",31,"Stable Core"
"39","DK",25,"Dynamic"
"40","DO",0,"Stable Periphery"
"41","DZ",0,"Stable Periphery"
"42","EC",1,"Dynamic"
"43","EE",0,"Stable Periphery"
"44","EG",1,"Dynamic"
"45","ES",26,"Dynamic"
"46","ET",8,"Dynamic"
"47","FI",7,"Dynamic"
"48","FJ",0,"Stable Periphery"
"49","FO",0,"Stable Periphery"
"50","FR",31,"Stable Core"
"51","GA",0,"Stable Periphery"
"52","GB",31,"Stable Core"
"53","GD",0,"Stable Periphery"
"54","GE",0,"Stable Periphery"
"55","GF",0,"Stable Periphery"
"56","GH",1,"Dynamic"
"57","GM",0,"Stable Periphery"
"58","GR",0,"Stable Periphery"
"59","GT",0,"Stable Periphery"
"60","GW",0,"Stable Periphery"
"61","HK",19,"Dynamic"
"62","HN",0,"Stable Periphery"
"63","HR",0,"Stable Periphery"
"64","HU",0,"Stable Periphery"
"65","ID",0,"Stable Periphery"
"66","IE",0,"Stable Periphery"
"67","IL",0,"Stable Periphery"
"68","IN",3,"Dynamic"
"69","IQ",0,"Stable Periphery"
"70","IR",1,"Dynamic"
"71","IS",0,"Stable Periphery"
"72","IT",31,"Stable Core"
"73","JM",0,"Stable Periphery"
"74","JO",4,"Dynamic"
"75","JP",25,"Dynamic"
"76","KE",5,"Dynamic"
"77","KG",0,"Stable Periphery"
"78","KH",0,"Stable Periphery"
"79","KN",0,"Stable Periphery"
"80","KP",0,"Stable Periphery"
"81","KR",16,"Dynamic"
"82","KW",0,"Stable Periphery"
"83","KZ",0,"Stable Periphery"
"84","LA",0,"Stable Periphery"
"85","LB",0,"Stable Periphery"
"86","LI",0,"Stable Periphery"
"87","LK",0,"Stable Periphery"
"88","LS",0,"Stable Periphery"
"89","LT",0,"Stable Periphery"
"90","LU",0,"Stable Periphery"
"91","LV",0,"Stable Periphery"
"92","LY",0,"Stable Periphery"
"93","MA",0,"Stable Periphery"
"94","MC",0,"Stable Periphery"
"95","MD",0,"Stable Periphery"
"96","ME",0,"Stable Periphery"
"97","MG",0,"Stable Periphery"
"98","MK",0,"Stable Periphery"
"99","ML",0,"Stable Periphery"
"100","MM",0,"Stable Periphery"
"101","MN",0,"Stable Periphery"
"102","MO",0,"Stable Periphery"
"103","MT",0,"Stable Periphery"
"104","MU",0,"Stable Periphery"
"105","MW",0,"Stable Periphery"
"106","MX",16,"Dynamic"
"107","MY",6,"Dynamic"
"108","MZ",0,"Stable Periphery"
"109","NC",0,"Stable Periphery"
"110","NE",0,"Stable Periphery"
"111","NG",4,"Dynamic"
"112","NI",0,"Stable Periphery"
"113","NL",31,"Stable Core"
"114","NO",25,"Dynamic"
"115","NP",0,"Stable Periphery"
"116","NZ",0,"Stable Periphery"
"117","OM",0,"Stable Periphery"
"118","PA",0,"Stable Periphery"
"119","PE",0,"Stable Periphery"
"120","PF",0,"Stable Periphery"
"121","PG",0,"Stable Periphery"
"122","PH",0,"Stable Periphery"
"123","PK",6,"Dynamic"
"124","PL",4,"Dynamic"
"125","PT",16,"Dynamic"
"126","PW",0,"Stable Periphery"
"127","PY",0,"Stable Periphery"
"128","QA",4,"Dynamic"
"129","RE",0,"Stable Periphery"
"130","RO",0,"Stable Periphery"
"131","RS",0,"Stable Periphery"
"132","RU",14,"Dynamic"
"133","RW",0,"Stable Periphery"
"134","SA",6,"Dynamic"
"135","SD",0,"Stable Periphery"
"136","SE",25,"Dynamic"
"137","SG",17,"Dynamic"
"138","SI",0,"Stable Periphery"
"139","SK",3,"Dynamic"
"140","SL",0,"Stable Periphery"
"141","SN",0,"Stable Periphery"
"142","SR",0,"Stable Periphery"
"143","SV",0,"Stable Periphery"
"144","SY",0,"Stable Periphery"
"145","SZ",0,"Stable Periphery"
"146","TG",0,"Stable Periphery"
"147","TH",0,"Stable Periphery"
"148","TJ",0,"Stable Periphery"
"149","TN",6,"Dynamic"
"150","TR",0,"Stable Periphery"
"151","TT",0,"Stable Periphery"
"152","TW",1,"Dynamic"
"153","TZ",3,"Dynamic"
"154","UA",2,"Dynamic"
"155","UG",5,"Dynamic"
"156","US",31,"Stable Core"
"157","UY",0,"Stable Periphery"
"158","UZ",0,"Stable Periphery"
"159","VE",1,"Dynamic"
"160","VI",0,"Stable Periphery"
"161","VN",1,"Dynamic"
"162","YE",0,"Stable Periphery"
"163","ZA",2,"Dynamic"
"164","ZM",0,"Stable Periphery"
"165","ZW",0,"Stable Periphery"
